release_year,metascore,price_usd,hours_gameplay,marketing_score,social_hype,discount_pct,bugs_reported,rating_count,rating
2021,57.66,45.8,20.71,25.16,16.06,59.39,10,2921,50.0
2018,66.93,51.19,50.6,12.59,21.77,24.41,6,1667,51.68
2025,59.16,26.25,37.4,9.18,14.66,0.66,6,1090,50.0
2022,72.84,38.65,15.34,9.54,9.44,10.19,3,1079,53.04
2019,76.17,54.53,113.23,14.37,63.59,39.15,9,2816,64.44
2021,91.09,29.95,19.23,5.79,21.82,36.72,6,928,68.23
2024,78.94,48.52,42.31,5.1,31.55,47.27,5,983,57.77
2017,74.03,28.72,81.7,10.44,26.07,15.23,5,1656,59.02
2021,83.46,50.6,35.66,6.76,42.24,45.82,6,1595,62.01
2025,56.1,44.57,65.44,14.49,17.08,41.28,5,1977,50.0
2025,78.12,25.62,16.76,9.22,25.66,19.37,6,1257,58.26
2022,82.94,58.98,32.92,5.08,26.52,32.73,6,1048,61.44
2019,62.69,36.18,23.38,9.05,6.07,8.84,5,1338,50.0
2018,86.29,35.28,35.46,4.3,3.98,27.15,4,339,60.18
2022,79.05,47.41,35.85,13.04,33.54,52.87,4,2035,61.68
2022,72.26,58.78,37.79,3.2,4.61,25.27,5,200,50.0
2017,81.7,32.81,55.43,15.38,22.88,50.37,7,1791,65.98
2020,96.44,45.74,8.28,8.96,12.77,35.42,9,1449,66.44
2019,77.64,50.15,26.23,6.69,28.8,11.51,7,1387,55.89
2016,78.23,53.32,40.86,11.68,41.48,34.87,4,2171,65.83
2022,71.87,47.12,11.19,10.04,41.25,30.36,1,1680,57.57
2020,68.35,40.6,49.86,16.42,32.38,23.92,4,2434,57.75
2016,83.47,35.07,25.96,16.32,31.35,7.18,6,2543,68.31
2019,68.3,46.03,33.25,9.13,44.0,25.0,4,2174,56.14
2015,76.64,32.13,56.67,4.38,32.13,4.37,6,1340,55.27
2024,71.7,10.0,66.9,5.34,18.06,5.93,10,756,50.0
2020,80.31,50.24,50.61,7.08,4.57,24.95,6,843,55.3
2023,79.0,55.85,18.91,14.14,48.57,18.32,5,2678,63.23
2015,85.34,16.64,49.37,5.62,65.18,55.53,3,1840,71.29
2025,71.41,32.88,51.01,5.91,19.31,22.54,11,842,50.0
2025,73.57,52.43,46.14,22.4,20.61,45.47,3,2803,61.88
2024,67.19,69.69,72.21,6.94,4.12,31.81,7,920,50.0
2017,72.0,45.25,38.3,5.05,20.57,42.25,7,715,52.66
2021,79.4,36.26,70.85,11.78,25.11,15.61,5,1889,63.69
2018,82.81,42.81,70.64,7.14,13.71,56.51,7,1039,63.62
2023,67.7,61.5,51.72,3.21,13.03,31.81,5,771,50.0
2017,83.83,37.25,42.64,13.8,27.23,49.88,6,1877,64.18
2019,88.2,35.41,46.27,4.72,24.61,21.9,8,1180,64.05
2017,79.72,39.21,79.8,7.58,14.12,6.01,6,1225,63.09
2021,92.89,33.56,61.25,7.09,48.61,40.42,2,1826,76.85
2019,69.04,46.47,20.24,8.48,1.48,0.47,10,846,50.0
2023,64.8,64.5,44.83,2.0,45.4,28.52,2,1208,51.76
2021,59.99,48.88,22.71,6.04,14.23,11.57,4,1227,50.0
2016,89.46,41.97,25.54,14.51,24.15,37.64,9,1961,67.03
2018,81.89,41.5,30.02,15.79,33.41,58.77,9,2169,64.49
2023,75.5,26.24,15.8,4.08,28.11,27.86,7,961,56.41
2016,78.52,55.6,21.89,12.84,20.61,49.05,6,1758,58.87
2024,65.87,44.07,74.13,4.68,18.51,30.47,4,1043,54.32
2023,98.0,42.83,25.46,5.9,24.59,29.75,4,935,73.35
2024,77.16,80.0,55.58,6.09,43.83,55.83,11,2007,58.96
2019,76.98,48.59,40.06,7.89,34.91,53.4,8,1678,60.53
2016,82.53,35.98,48.31,13.47,11.8,47.15,5,1659,65.12
2018,80.33,39.88,49.33,8.66,55.48,17.78,2,2192,64.73
2021,78.01,58.78,21.34,6.85,7.68,32.7,4,846,56.55
2022,68.89,46.36,55.42,13.2,48.4,13.43,5,2437,57.95
2017,80.24,27.74,17.77,4.56,36.77,26.64,9,1536,59.64
2015,92.94,56.03,24.88,7.05,8.13,29.05,9,872,64.42
2018,88.11,36.98,48.98,13.43,45.55,49.9,5,2553,72.56
2016,90.34,67.48,20.55,10.15,37.4,53.76,8,1821,69.73
2022,71.4,57.96,10.46,5.59,34.04,24.88,5,1417,50.0
2018,67.09,39.63,43.78,2.98,14.68,1.06,8,505,50.0
2016,74.87,60.37,14.12,8.9,26.73,51.71,1,1733,59.42
2020,76.5,45.81,51.27,2.87,16.05,10.46,5,523,50.54
2020,85.85,55.23,31.18,6.5,30.51,37.31,6,1322,62.33
2024,60.77,50.82,43.46,14.99,10.39,1.5,4,1627,50.0
2018,89.77,34.84,43.06,10.57,58.56,23.97,6,2405,70.84
2020,74.58,37.28,53.15,2.19,28.28,59.16,8,1045,56.51
2016,72.16,57.36,49.69,8.33,21.35,6.04,6,1268,54.73
2024,66.89,40.98,20.44,6.1,35.6,25.42,8,1720,50.0
2016,61.11,40.16,32.19,3.44,57.35,18.43,8,1613,50.0
2024,83.41,33.54,43.44,9.03,16.4,54.31,10,1299,60.41
2018,76.66,50.08,71.47,5.5,41.38,52.16,6,1417,63.07
2022,64.39,69.75,49.91,5.52,29.33,14.26,7,1334,50.0
2021,64.34,32.19,68.45,7.96,24.21,4.87,6,1359,50.0
2023,72.98,45.29,44.58,5.08,2.71,37.63,11,522,50.0
2022,91.02,61.95,61.78,7.83,33.07,20.18,8,1784,62.93
2019,73.66,44.04,41.65,5.18,40.27,40.33,9,1381,55.19
2016,62.47,50.43,60.54,5.35,49.03,1.93,4,1839,54.76
2019,73.79,32.25,30.34,13.41,40.97,8.0,6,2160,56.78
2022,73.55,50.14,75.49,14.25,23.17,41.18,10,1953,56.98
2024,51.73,42.75,47.1,2.65,13.82,12.74,3,382,50.0
2023,75.51,56.83,15.87,11.57,3.14,51.46,8,1058,52.71
2023,73.92,59.25,44.17,17.1,42.13,3.52,3,2663,62.35
2015,82.27,76.07,50.0,18.81,33.24,12.93,4,2945,62.26
2023,92.64,51.96,56.36,10.1,26.14,59.91,4,1631,72.36
2021,86.14,48.91,88.26,3.92,13.6,25.98,4,1010,67.53
2023,73.58,47.33,27.81,10.78,5.86,42.18,6,1210,50.0
2022,66.04,40.76,88.55,4.39,60.14,10.96,4,1851,59.92
2015,98.0,49.06,36.74,6.01,54.26,36.59,8,2205,73.94
2022,76.53,41.46,24.21,9.3,62.98,43.57,11,2537,59.7
2022,76.13,47.02,28.14,4.56,58.44,18.87,2,1778,61.19
2025,75.78,60.81,48.54,3.71,26.24,49.73,4,1094,54.63
2017,77.78,32.92,22.27,9.77,13.72,36.21,6,1219,59.07
2015,74.7,58.68,30.62,22.65,21.21,23.35,12,2324,51.39
2022,70.84,60.81,43.62,15.58,14.38,33.46,3,2008,57.52
2017,71.08,43.58,75.2,11.29,16.5,34.61,7,1682,58.25
2017,75.71,19.54,55.57,13.3,35.07,9.93,11,2471,59.38
2015,71.11,37.71,37.51,10.83,12.37,24.16,7,1414,57.06
2025,69.58,60.56,48.43,9.68,30.01,20.61,6,1625,52.93
2019,76.96,44.73,41.48,12.67,8.82,24.05,4,1574,57.99
2024,73.71,33.01,18.75,3.25,28.14,45.67,4,1165,57.44
2021,89.54,38.94,81.6,8.33,26.28,28.95,8,1743,68.71
2024,52.14,55.09,75.79,7.04,57.17,56.42,5,2090,50.83
2023,85.82,51.56,35.27,7.75,9.79,17.62,4,951,58.84
2021,87.21,42.13,28.68,5.6,18.09,24.94,2,856,65.74
2023,57.34,40.6,19.0,10.1,19.19,47.22,5,1536,50.18
2022,72.92,40.3,49.93,4.52,43.79,32.76,5,1246,56.87
2016,72.66,33.93,50.09,5.36,27.66,32.82,5,1341,59.54
2015,63.33,64.38,23.32,4.99,36.01,3.2,7,1480,50.0
2021,69.0,41.13,41.73,12.41,29.82,23.92,0,2030,62.72
2021,66.0,59.61,54.73,7.34,11.03,16.24,3,998,50.0
2022,91.77,63.26,27.64,5.6,15.19,59.96,6,1188,64.43
2019,84.42,56.98,33.03,5.91,39.03,18.5,3,1694,65.06
2017,87.44,39.82,32.86,7.41,33.11,53.07,9,1422,60.27
2022,82.5,49.84,24.15,19.56,20.09,40.57,3,2254,65.75
2020,65.84,44.71,33.38,3.52,4.9,20.45,4,298,50.0
2025,71.28,34.16,14.29,11.08,12.33,32.61,11,1460,52.85
2017,80.4,48.89,31.98,9.81,33.49,50.43,1,1589,67.17
2015,65.0,30.85,32.23,4.35,13.97,53.0,10,958,50.0
2017,82.42,59.25,35.5,17.82,57.91,9.62,4,3378,70.78
2019,73.84,39.42,46.63,10.21,74.19,20.37,10,2667,55.9
2017,72.63,47.41,18.12,5.45,22.98,20.11,2,1059,55.46
2015,82.4,48.4,20.11,2.42,41.54,2.52,5,1272,64.95
2019,80.0,41.89,23.81,8.48,33.25,35.89,5,1796,61.98
2024,72.75,52.04,17.03,7.19,42.65,51.29,8,2039,57.93
2021,86.43,39.3,49.28,3.98,66.09,22.89,4,1727,71.04
2021,66.27,55.46,27.0,3.95,29.31,44.4,2,1051,50.0
2025,81.54,28.85,36.07,12.44,1.33,37.66,6,1167,61.52
2023,81.34,46.52,22.7,2.29,33.71,22.54,7,808,57.07
2024,73.21,68.27,30.2,8.92,51.7,8.46,6,2053,55.55
2024,78.94,33.0,42.74,6.6,5.72,42.56,7,847,55.96
2017,64.74,36.87,43.78,9.96,60.69,51.27,3,2413,56.94
2021,84.32,51.17,20.61,6.19,64.36,41.15,5,1919,64.81
2015,74.34,47.15,35.14,8.81,44.02,1.07,10,2455,54.05
2018,71.3,49.21,22.92,4.73,7.91,12.97,5,695,52.69
2018,85.44,50.87,34.48,7.17,26.41,4.17,8,1362,63.12
2019,69.66,52.62,25.79,9.91,14.51,34.22,6,1106,53.83
2021,63.32,58.32,84.14,8.09,34.46,45.39,8,1677,52.29
2021,61.99,49.92,54.57,9.28,12.06,6.63,6,1154,50.0
2025,81.45,42.1,44.74,4.23,51.78,50.3,5,1357,63.34
2018,64.48,53.07,31.58,5.18,22.91,33.33,5,872,50.0
2021,91.79,67.8,55.35,5.24,21.15,41.4,5,1169,65.83
2025,57.26,43.41,35.67,6.26,19.63,58.28,5,1435,50.0
2017,91.27,33.31,79.93,16.7,18.24,5.02,8,2108,70.33
2020,77.9,58.28,58.07,5.97,25.23,54.07,7,1397,60.0
2016,75.13,43.56,30.09,3.72,4.07,7.57,4,427,55.27
2024,71.1,18.93,75.47,10.23,35.78,23.58,3,1850,60.22
2023,79.59,55.17,31.67,16.58,15.55,51.09,3,2160,66.63
2019,75.66,38.58,86.55,3.47,42.36,54.38,7,1688,60.39
2020,85.93,43.91,77.45,24.14,44.69,30.38,2,3644,75.29
2018,77.03,48.98,42.62,9.48,44.49,35.65,9,1821,58.42
2025,77.35,47.29,14.62,13.74,34.95,42.49,6,2167,62.91
2024,72.73,53.51,40.98,17.82,31.6,49.97,9,2533,57.77
2021,75.49,39.77,19.41,13.24,49.76,7.29,10,2456,55.44
2023,78.77,51.16,26.22,6.91,35.3,48.6,4,1609,62.6
2021,60.61,41.89,27.28,15.34,34.85,28.88,5,2477,51.84
2015,63.87,53.87,19.32,8.61,39.84,27.04,7,1994,50.0
2015,82.69,52.38,41.05,14.21,59.25,25.43,4,3135,66.71
2023,77.54,33.77,24.57,15.18,65.36,30.55,5,3017,65.78
2025,74.34,58.03,32.43,3.84,6.8,56.7,7,289,51.39
2023,76.17,38.57,27.41,11.9,44.72,32.89,7,2313,60.11
2018,79.13,54.7,46.73,6.63,11.59,57.19,5,1258,61.99
2023,71.14,49.41,45.06,8.03,28.14,10.82,10,1380,50.0
2017,69.0,67.06,31.08,7.97,11.96,43.45,6,1180,51.38
2021,77.76,42.32,47.89,7.78,19.89,48.73,7,1362,58.57
2020,67.19,40.81,65.59,18.43,7.04,40.75,6,1962,58.97
2022,79.67,44.77,9.46,3.25,45.52,36.42,7,1448,58.62
2025,60.68,41.36,26.57,2.63,37.96,33.89,8,1033,50.0
2023,85.26,54.6,21.5,2.32,66.18,51.66,5,1464,66.25
2019,80.25,25.6,25.31,14.03,44.06,49.3,5,2235,65.81
2015,78.3,32.36,8.34,4.65,6.95,7.34,5,545,52.42
2017,84.84,32.19,9.2,8.0,50.96,50.92,9,2231,61.29
2024,90.99,56.4,5.21,6.9,14.93,24.84,3,1010,63.11
2022,85.13,65.53,27.91,4.34,31.47,15.22,2,1106,61.21
2025,59.43,43.75,27.48,12.32,10.39,52.19,7,1269,50.0
2020,64.48,42.97,70.19,6.85,59.29,25.92,3,2251,56.81
2022,70.38,45.84,39.44,6.41,14.93,48.5,3,1226,56.97
2023,76.23,58.94,9.13,8.5,17.3,15.8,5,1431,57.5
2018,80.66,33.87,47.29,11.39,53.98,0.24,5,2540,65.17
2015,69.47,47.86,120.0,4.16,20.64,29.73,2,645,62.57
2015,77.68,56.7,9.49,12.48,55.49,6.01,7,2509,55.53
2024,69.2,51.01,80.6,17.64,26.47,45.26,5,2688,60.09
2018,70.5,47.27,35.8,3.14,20.75,16.56,12,1019,50.0
2021,63.34,57.01,29.13,8.73,5.37,26.62,5,687,50.0
2016,67.69,12.56,26.8,6.15,44.52,5.22,6,1688,50.0
2017,63.83,53.13,43.35,11.24,61.85,17.2,10,2679,50.0
2015,67.22,37.15,29.26,3.56,30.8,46.89,1,971,55.99
2019,85.48,23.03,19.01,19.64,62.02,9.1,11,3000,67.95
2015,67.46,51.13,27.34,2.82,15.91,38.83,6,683,50.0
2022,98.0,61.48,43.97,6.38,36.46,55.05,5,1376,70.24
2015,80.44,43.35,51.42,9.59,19.77,40.79,7,1264,57.29
2025,77.66,56.43,84.68,4.89,56.61,48.66,7,1816,65.94
2015,68.27,64.35,38.58,4.45,21.27,6.54,5,931,50.0
2016,82.3,60.78,67.5,8.44,31.77,15.04,8,1595,57.45
2016,70.82,64.68,33.06,7.74,45.41,53.67,6,1712,58.35
2020,77.1,53.91,35.45,7.42,54.53,42.91,5,2028,64.02
2021,98.0,45.91,34.49,12.37,60.97,38.37,7,2383,77.97
2019,75.14,25.78,40.93,5.83,5.41,39.83,3,745,56.85
2015,86.34,42.05,55.95,8.95,45.88,24.85,6,1483,62.34
2015,69.67,34.88,28.62,5.45,27.97,2.67,5,1165,52.34
2017,75.69,71.05,22.14,4.44,30.73,47.07,14,1355,50.0
2016,91.94,42.89,58.17,6.23,32.62,40.72,5,1217,70.77
2019,70.36,46.48,56.13,5.48,10.72,28.37,13,917,50.0
2024,92.31,51.62,72.71,5.64,37.71,53.99,6,1687,67.95
2020,82.37,45.52,26.27,14.87,16.41,20.17,2,1227,64.91
2021,70.94,65.34,32.44,6.34,9.33,17.66,4,809,50.0
2018,81.69,37.53,59.25,4.96,42.92,52.37,4,1027,67.07
2021,84.75,47.34,28.44,7.51,43.91,47.82,5,1790,65.06
2025,81.6,36.09,50.35,7.87,49.07,30.9,3,1973,65.91
2022,61.87,29.16,33.14,3.63,23.38,7.84,10,482,50.0
2025,69.46,37.66,43.23,6.18,58.74,12.9,5,2402,54.88
2015,73.77,44.56,18.79,6.03,27.35,39.37,4,1308,57.12
2020,75.33,39.85,38.32,6.66,53.38,23.1,6,1815,57.36
2022,81.59,36.69,5.0,11.42,49.78,50.19,8,2593,65.53
2019,77.6,28.12,64.95,8.02,19.64,57.0,6,930,62.23
2018,63.98,44.0,53.66,15.44,20.7,48.34,7,1763,55.08
2016,79.42,26.94,21.33,7.34,30.93,22.65,3,1056,62.31
2020,81.5,54.12,81.34,21.45,64.65,47.32,10,3978,70.19
2020,81.04,45.99,62.99,5.6,22.02,21.09,7,1143,62.27
2025,85.73,27.51,19.3,4.66,32.83,10.03,10,1382,57.78
2015,83.51,41.29,27.44,10.26,33.25,2.0,3,1860,61.46
2023,80.13,35.97,19.93,16.75,21.43,23.14,3,2230,65.07
2025,75.37,48.83,43.84,3.23,57.3,54.21,5,1753,58.26
2020,61.05,61.09,26.79,6.57,20.52,14.34,8,1185,50.0
2017,79.87,22.5,10.89,5.12,34.14,12.39,4,1359,64.35
2018,77.87,46.38,35.37,8.05,36.97,58.19,11,1579,60.82
2025,78.44,43.08,57.03,7.43,44.57,1.5,4,1812,62.18
2018,64.51,53.06,38.73,16.56,32.98,47.15,11,2447,50.2
2017,66.27,47.56,48.09,6.92,16.97,19.28,2,1102,52.04
2024,85.48,35.98,40.63,16.86,56.34,2.25,4,2744,71.74
2017,75.64,41.17,52.56,6.12,1.02,55.07,3,364,55.48
2017,82.13,35.45,42.48,12.88,24.98,8.38,2,2043,61.09
2018,76.25,57.91,34.37,8.48,28.2,33.11,8,1455,52.94
2021,76.27,45.26,38.48,20.86,40.26,16.44,3,3094,62.12
2018,84.44,67.81,74.04,3.05,19.54,3.91,11,581,56.75
2023,71.36,44.27,49.45,3.68,39.93,3.0,4,1082,58.55
2015,76.87,36.5,21.29,22.18,32.1,6.93,6,2757,57.68
2022,71.84,26.84,38.17,4.76,39.95,4.28,3,1411,60.62
2021,72.09,23.36,43.45,4.94,44.88,45.63,7,1472,59.62
2016,73.22,25.99,33.77,4.37,37.86,29.13,3,1595,57.07
2022,78.0,48.21,10.92,14.72,46.51,20.57,3,2593,62.84
2015,71.69,51.1,22.54,3.48,34.55,25.1,5,1527,53.21
2025,87.3,26.03,29.3,7.49,16.46,55.74,13,1196,61.17
2023,67.95,55.74,85.99,6.3,13.66,54.65,6,506,50.0
2023,74.32,39.2,46.78,13.76,36.72,42.94,5,2415,62.13
2016,72.04,46.76,14.3,5.27,14.67,53.08,7,595,50.0
2021,89.02,64.35,34.9,9.48,3.96,19.18,13,1041,55.77
2024,77.77,55.76,68.36,3.66,59.68,22.87,6,1700,60.23
2017,85.29,41.78,26.59,28.92,64.3,36.82,6,4740,74.17
2021,62.63,34.31,60.36,6.4,14.53,37.42,2,1230,53.3
2024,78.4,19.18,14.59,7.43,21.52,28.9,7,1110,62.03
2023,84.01,36.37,5.0,19.94,16.81,24.04,3,2292,65.54
2018,76.74,42.47,64.79,5.2,35.87,59.17,5,1434,60.08
2015,85.59,33.15,28.49,20.09,16.12,49.27,9,2467,66.55
2016,71.34,43.42,11.25,5.77,19.81,26.1,5,1049,52.01
2015,88.68,45.92,29.72,11.06,42.31,43.64,6,1924,64.9
2019,96.69,42.3,40.44,5.24,10.17,16.17,3,623,74.87
2019,72.73,37.2,45.96,3.28,30.4,6.01,6,1070,52.97
2025,71.99,47.02,6.68,9.48,9.32,21.15,7,1355,50.0
2021,89.08,50.3,25.45,10.85,13.77,24.18,5,1452,65.33
2023,90.22,31.92,37.81,3.36,8.09,0.99,5,382,66.6
2023,71.29,61.93,45.91,6.15,26.37,48.89,4,1360,52.39
2017,72.22,43.82,21.15,15.19,30.0,21.55,12,2123,50.84
2017,73.46,45.23,32.85,10.59,2.8,34.83,5,1236,59.76
2017,63.9,53.5,26.54,5.83,25.04,4.44,3,1635,50.39
2018,67.73,47.8,41.13,5.16,7.9,10.5,7,623,50.0
2022,66.96,56.44,63.64,23.78,65.39,53.38,0,4038,67.25
2020,69.09,48.45,30.6,3.1,45.1,36.52,3,1288,56.06
2022,75.69,37.65,16.17,7.13,33.2,57.02,12,1487,55.86
2015,78.11,49.34,24.69,3.07,46.02,59.93,4,1447,61.35
2022,89.95,31.28,80.93,16.26,22.14,22.31,8,2064,70.95
2018,67.01,46.3,22.59,7.36,41.97,17.93,7,2192,50.0
2025,84.86,44.6,18.13,8.22,14.23,51.5,6,1082,58.67
2015,74.07,42.5,29.6,38.91,25.62,59.92,8,4443,64.28
2022,75.55,43.46,34.91,5.18,12.76,37.78,7,463,56.09
2018,82.07,22.42,27.44,21.1,75.35,47.71,5,3966,74.52
2020,65.9,38.42,14.64,5.84,3.83,46.9,5,856,50.07
2022,79.44,46.11,43.18,6.42,8.39,21.32,4,725,58.81
2018,77.5,46.92,41.15,35.98,14.73,34.46,7,3334,65.72
2017,80.43,32.67,51.6,6.71,52.23,49.98,3,1936,67.08
2023,78.6,60.19,40.68,3.24,24.07,41.29,6,913,58.37
2017,98.0,34.61,77.63,8.75,16.31,1.27,3,1369,73.16
2023,70.26,56.63,53.6,6.66,39.37,20.2,6,1979,59.4
2016,71.22,50.13,48.31,9.21,73.14,8.67,6,2635,56.75
2016,70.39,37.25,64.79,6.82,19.8,13.98,4,989,52.97
2016,71.0,66.3,39.42,27.92,42.43,54.33,4,3503,64.18
2020,70.26,30.68,33.22,10.32,45.31,2.21,13,2149,50.0
2017,86.7,56.03,42.93,3.88,16.14,13.19,9,858,58.29
2023,88.78,57.01,10.56,7.96,8.4,18.57,9,868,57.81
2018,70.86,36.95,39.49,4.57,17.32,37.01,2,1008,54.83
2015,68.51,61.71,34.89,6.37,34.88,32.05,6,1561,55.33
2018,80.24,42.0,45.3,4.28,26.93,13.1,2,1088,64.34
2015,71.03,48.46,60.45,26.16,21.91,9.85,3,2871,64.0
2019,81.7,48.12,49.01,4.88,13.84,14.21,10,723,52.69
2018,77.83,43.39,24.73,11.16,14.65,30.15,7,989,56.11
2022,62.36,54.73,55.61,6.09,34.11,16.27,3,1473,51.4
2022,89.93,54.52,78.19,3.69,22.66,56.86,7,922,68.99
2021,92.16,24.02,61.23,8.32,24.81,27.83,6,1445,73.06
2017,70.48,60.65,17.06,9.4,1.13,3.53,9,1012,50.0
2015,72.51,25.05,48.76,10.33,17.96,43.76,7,1500,53.63
2015,78.57,57.39,18.62,2.0,51.85,19.73,5,1466,62.27
2025,79.01,58.52,31.51,3.52,49.39,39.21,9,1578,58.05
2017,81.93,31.91,44.63,13.13,46.79,16.78,3,2164,66.31
2020,94.09,40.07,41.7,4.25,44.45,34.24,3,1409,74.2
2021,74.41,31.73,60.64,8.35,27.93,46.33,6,1500,56.39
2020,68.82,42.42,78.38,3.47,45.97,55.68,8,1347,57.24
2020,63.59,41.3,46.9,11.46,16.76,15.67,5,1663,50.0
2020,69.42,54.36,30.23,12.92,49.03,20.09,6,2335,54.49
2017,75.7,60.72,10.91,11.46,19.05,27.86,9,1604,52.35
2020,92.15,61.75,68.15,13.73,42.83,55.63,6,2396,75.46
2022,71.34,38.25,34.98,18.88,38.42,54.08,6,2889,61.43
2025,78.01,42.49,35.95,3.65,24.7,5.39,5,1127,58.55
2025,75.85,24.8,37.46,4.6,2.76,7.92,8,631,52.12
2016,86.7,35.33,45.82,12.66,57.03,29.73,5,2249,69.97
2019,98.0,56.58,46.5,14.56,36.29,6.4,4,2505,75.56
2015,71.22,64.39,31.78,4.93,27.2,20.73,10,1423,50.0
2015,71.6,30.19,34.8,4.73,32.06,8.9,4,1164,51.73
2019,85.4,37.89,26.29,5.0,6.85,38.16,7,688,58.18
2017,82.14,44.68,24.72,2.82,14.52,56.97,11,471,54.57
2018,92.62,48.36,24.65,3.45,48.91,59.8,8,1199,66.56
2017,81.26,35.28,34.59,3.5,57.08,22.51,10,1626,58.43
2015,72.77,50.09,22.04,6.19,12.21,35.94,7,796,50.16
2015,81.32,39.31,5.0,8.69,31.99,51.38,7,1562,58.61
2019,85.98,44.83,29.95,9.58,28.65,7.05,12,1454,55.39
2020,83.38,51.56,17.71,5.45,42.54,41.37,11,1449,56.44
2017,80.57,45.08,38.8,5.53,21.11,24.53,5,1051,59.54
2023,85.6,39.76,26.24,7.96,41.16,12.37,6,1646,64.39
2019,86.52,43.68,46.11,3.01,44.92,24.17,5,1507,65.75
2022,88.44,43.94,18.71,13.14,26.79,4.56,7,2041,61.73
2015,81.84,40.56,12.31,15.98,41.77,41.72,6,2991,63.33
2019,74.5,41.89,34.85,5.08,15.01,15.16,4,1060,61.55
2017,77.32,64.18,29.26,5.82,47.18,18.68,7,1776,53.91
2015,86.86,51.73,16.79,15.58,8.88,7.26,4,1590,62.05
2018,68.65,41.45,53.62,6.86,46.79,51.88,6,1875,58.17
2019,79.32,53.36,20.63,10.52,46.89,29.61,9,2230,59.12
2021,72.46,40.99,24.06,6.99,34.84,34.33,3,1443,59.22
2015,76.26,59.08,58.69,18.8,26.41,34.17,8,2587,58.46
2017,87.51,49.44,47.45,9.91,18.39,24.63,6,1150,63.92
2016,77.72,43.71,19.33,10.26,41.07,11.55,7,1958,57.87
2023,76.42,50.37,30.69,10.38,5.96,44.71,5,1235,56.58
2024,63.76,26.15,18.19,5.3,18.16,7.62,6,905,50.0
2020,82.72,31.48,56.58,5.6,37.46,6.23,4,1431,66.86
2024,81.81,30.67,56.56,11.72,19.14,42.61,10,1567,60.24
2017,95.47,46.72,84.04,7.97,21.21,12.53,8,1137,68.02
2022,73.23,65.79,100.01,3.65,29.4,18.41,6,1293,58.26
2022,77.97,71.78,26.07,22.73,27.75,28.51,8,2670,59.98
2016,78.24,52.66,52.08,13.29,8.59,26.96,4,1534,63.76
2020,90.2,51.01,11.14,7.56,23.37,42.51,2,1377,65.12
2021,75.14,23.39,40.33,6.27,33.19,37.41,4,1255,62.6
2016,78.51,38.49,45.43,8.32,43.1,38.66,11,1881,58.95
2025,81.47,35.55,21.29,10.08,54.05,42.84,6,2145,62.85
2024,77.68,37.55,25.17,2.18,36.25,17.56,10,1364,54.49
2016,71.98,42.98,56.75,26.24,3.05,19.34,8,2364,57.73
2024,77.75,39.33,46.0,4.6,68.1,26.28,5,2022,61.55
2015,85.66,21.25,78.75,7.38,37.59,18.45,6,1421,68.16
2022,66.76,53.97,74.25,7.55,21.2,59.1,4,1002,56.4
2015,77.2,32.13,13.21,24.49,23.84,48.84,8,3209,60.35
2023,69.7,47.87,27.51,7.01,34.56,9.88,3,1628,54.7
2025,86.76,69.89,20.01,19.17,13.65,0.34,1,2187,67.01
2020,62.29,33.97,53.17,9.43,12.16,2.57,3,1082,50.0
2021,70.97,14.64,42.37,4.15,26.01,14.64,5,1208,54.05
2024,79.39,41.57,20.82,8.01,68.53,6.86,5,2326,62.53
2021,90.09,58.21,22.72,6.88,40.37,32.0,9,1806,65.36
2024,75.41,68.5,66.18,3.86,12.59,51.48,5,524,56.72
2017,71.0,30.25,29.23,9.16,1.37,44.21,7,788,50.0
2016,92.93,50.96,9.95,7.49,11.7,12.94,5,1140,66.34
2023,62.97,39.42,19.75,10.32,33.28,23.96,5,1968,50.0
2022,56.21,43.73,86.8,8.3,20.76,30.47,9,1415,50.0
2024,79.96,76.73,59.54,5.0,45.95,48.61,7,1435,58.47
2021,71.48,26.96,17.5,11.72,14.15,50.35,5,1386,58.85
2023,66.81,48.04,40.32,5.08,25.41,54.58,8,1146,51.27
2018,82.38,50.61,57.72,2.0,50.68,30.55,12,1304,56.76
2018,78.19,58.03,13.1,7.98,13.77,41.66,5,1349,56.47
2015,70.92,46.18,60.91,5.3,17.97,6.71,3,520,52.44
2022,64.48,48.7,45.78,9.29,24.64,33.92,4,1359,51.99
2017,83.85,40.3,24.34,24.52,31.66,14.92,10,3029,60.34
2021,81.85,48.23,49.47,24.94,26.35,25.9,6,2517,63.88
2016,75.11,40.88,42.68,6.69,6.23,38.04,7,540,52.79
2016,92.62,52.46,44.17,4.5,13.43,15.42,4,876,63.64
2021,66.37,40.56,39.58,10.49,21.98,3.13,8,1552,50.0
2020,62.27,49.53,22.25,5.92,20.66,0.61,5,1362,50.0
2017,69.77,44.65,24.65,9.35,48.81,1.33,2,2386,58.56
2023,75.59,58.51,32.29,4.97,57.59,0.5,3,1990,58.95
2024,78.19,44.38,37.55,8.59,50.99,6.62,3,2147,61.35
2020,73.83,23.72,50.94,4.54,12.31,14.37,6,751,58.1
2024,79.17,60.14,87.81,15.04,53.41,13.27,2,2286,65.28
2024,64.74,34.13,41.28,5.19,30.0,59.21,5,992,52.99
2020,88.99,37.15,50.49,10.99,20.3,18.36,4,1569,67.36
2015,75.26,37.85,56.27,3.46,26.1,7.65,6,1092,55.95
2018,86.06,61.49,52.28,11.81,34.91,32.73,4,2047,68.57
2024,79.08,19.37,21.77,4.14,54.48,51.48,5,1594,61.28
2020,80.11,80.0,69.23,8.64,41.05,40.68,5,2016,62.7
2020,81.13,57.67,63.95,13.65,2.66,17.76,6,1630,62.61
2025,80.03,47.68,39.3,6.55,58.46,33.7,3,2253,70.47
2019,81.78,44.34,22.52,3.98,4.82,42.89,8,677,55.76
2015,87.96,48.43,37.24,9.96,36.2,43.69,2,1750,70.84
2022,77.77,51.25,14.16,4.46,44.45,39.99,12,1729,58.11
2019,82.38,52.74,73.65,5.8,41.59,52.25,8,1617,65.67
2019,75.19,51.67,25.91,8.66,8.84,52.21,6,1136,54.06
2021,88.96,46.07,31.42,16.72,47.16,34.74,4,2833,71.35
2018,69.91,42.63,71.09,7.51,33.68,25.79,6,1533,57.62
2020,92.21,43.18,66.96,7.49,19.46,38.49,3,1043,69.08
2018,75.64,42.66,43.53,11.5,15.09,49.09,4,1455,62.65
2017,63.12,58.61,79.05,7.62,34.05,0.34,5,1752,51.1
2021,77.15,52.12,21.38,10.82,35.87,59.52,6,1845,61.22
2022,69.87,10.0,43.54,14.11,8.51,10.97,8,1714,53.07
2018,83.57,52.87,21.48,6.07,37.0,28.21,4,1634,62.19
2016,70.13,47.34,62.04,2.0,44.8,52.32,5,1256,60.09
2024,71.98,44.78,60.98,4.52,7.67,13.5,5,871,52.83
2017,58.99,40.34,81.79,15.26,41.68,28.61,7,2428,50.6
2015,71.93,58.49,36.66,7.24,46.42,7.95,5,2120,55.87
2022,54.19,56.37,92.87,6.03,19.9,23.7,7,1148,50.0
2017,61.74,35.73,20.47,14.88,63.99,10.63,4,3011,52.74
2024,82.84,49.88,35.64,6.95,15.48,21.82,12,888,51.69
2021,83.07,33.34,20.89,2.11,20.59,22.41,3,699,60.47
2024,79.83,28.44,40.55,2.99,15.57,59.59,0,637,67.66
2019,67.3,37.48,21.94,9.5,58.89,59.69,10,2148,50.91
2024,75.57,55.35,62.13,7.1,23.38,6.89,14,1220,50.0
2019,75.97,56.44,46.54,17.69,21.33,43.56,6,2069,55.14
2021,65.57,51.16,19.48,4.76,12.86,3.1,5,879,50.0
2023,89.53,53.7,55.09,6.14,53.64,1.81,3,2159,73.69
2019,83.9,51.19,76.31,4.35,15.72,6.32,3,585,62.24
2015,74.01,37.3,48.79,5.41,17.27,57.93,7,1254,58.11
2024,76.24,50.18,16.24,2.37,3.89,56.45,6,300,54.32
2024,77.88,54.6,33.89,5.86,16.27,11.64,5,788,55.11
2015,57.62,54.05,51.92,7.16,8.36,9.7,4,1026,50.0
2016,73.78,59.27,32.21,6.81,25.46,14.43,6,1203,55.03
2020,69.86,53.5,20.32,26.84,40.16,30.93,10,3539,55.55
2023,66.99,49.22,65.62,22.2,18.87,34.18,3,2508,61.85
2022,73.47,57.84,31.49,4.71,20.77,13.3,2,820,56.32
2019,92.18,44.68,76.34,2.17,10.81,45.4,5,606,67.09
2015,81.77,34.42,27.59,6.96,59.03,18.57,7,2086,61.89
2021,70.86,43.04,30.52,9.26,52.6,55.33,7,1936,55.25
2019,81.15,36.06,26.43,4.41,41.09,39.4,10,1545,61.11
2020,88.59,36.9,33.59,4.54,39.22,26.18,7,1195,63.54
2021,84.32,43.27,46.16,19.1,11.13,47.39,8,1885,61.56
2017,76.54,35.49,20.92,6.33,34.74,49.07,8,1685,58.61
2024,70.18,41.3,18.72,10.99,32.96,17.43,7,1653,51.87
2017,82.28,22.28,12.92,4.23,35.99,20.38,3,884,63.46
2019,79.54,47.56,11.93,7.14,3.39,56.16,7,875,60.29
2020,84.06,45.01,16.35,6.04,16.28,9.88,6,926,60.29
2023,81.72,35.19,27.49,4.93,10.63,2.53,5,695,57.73
2019,85.45,52.91,40.18,14.78,15.51,27.24,9,1735,57.4
2015,71.18,56.25,44.88,3.21,19.28,48.07,4,829,53.32
2018,87.86,25.71,39.23,8.85,28.01,46.3,9,1405,66.28
2019,77.78,35.85,72.06,5.97,35.15,55.17,5,1712,61.98
2024,94.68,35.77,83.3,9.48,52.24,31.99,5,1941,80.76
2024,69.8,33.72,31.57,6.02,13.64,6.0,9,993,50.0
2019,91.62,54.95,21.12,12.43,40.46,35.32,7,2308,68.59
2021,77.78,42.67,95.71,4.2,27.16,46.7,4,942,61.43
2018,70.14,41.83,64.52,14.8,4.74,5.6,9,1340,50.8
2015,71.65,20.95,62.18,7.26,29.54,10.36,6,1611,54.56
2019,73.12,52.63,26.89,3.33,50.12,0.74,4,1391,59.87
2021,79.82,30.13,55.76,11.11,48.59,35.62,5,2161,69.16
2024,80.71,45.72,39.39,6.56,21.97,53.2,4,1332,65.36
2024,70.84,48.33,35.27,2.65,25.38,40.24,10,893,50.0
2020,75.78,61.33,35.24,9.02,39.86,58.92,5,1530,59.64
2019,95.28,29.29,47.23,13.52,36.43,3.78,7,2509,75.49
2018,91.55,10.0,73.21,15.95,30.43,54.18,6,2180,77.26
2016,79.93,47.21,99.63,5.89,18.83,48.84,3,958,62.76
2018,76.34,66.61,29.46,8.06,45.21,18.85,6,1942,55.56
2024,77.08,59.87,40.54,7.62,18.09,58.41,8,1288,55.0
2024,81.52,47.52,34.81,18.06,44.4,17.28,9,3179,61.81
2017,66.79,39.1,45.66,4.54,11.15,53.36,13,412,50.0
2024,73.68,54.69,32.57,5.59,37.56,52.84,5,1619,53.84
2015,60.98,33.32,91.49,4.48,10.67,45.46,7,826,50.08
2022,79.59,50.72,25.2,3.1,42.8,33.81,6,1340,56.21
2019,81.82,51.07,29.48,8.57,52.77,7.2,7,2275,59.37
2018,71.65,57.72,27.11,19.31,27.35,31.92,4,2687,54.56
2022,90.17,78.12,33.92,6.56,36.83,21.41,5,1295,62.81
2021,64.97,49.71,17.07,4.35,50.21,47.53,10,1984,51.89
2016,62.82,38.89,27.39,8.27,47.33,45.49,1,1688,56.51
2015,78.02,44.69,45.44,10.52,15.55,54.64,7,1184,55.73
2025,85.42,23.77,45.27,6.73,22.33,0.89,7,1150,63.99
2018,91.16,36.66,41.72,17.15,56.26,48.55,4,3383,81.02
2022,71.87,40.09,70.08,4.54,26.09,56.31,3,1028,59.97
2016,85.71,38.71,46.35,6.22,36.54,47.36,4,1499,72.52
2017,75.65,46.83,68.96,8.83,20.01,7.81,1,1596,64.01
2015,74.45,35.13,99.66,9.35,27.91,4.88,5,1532,61.49
2015,83.95,58.45,56.46,7.6,58.45,1.25,4,1971,63.58
2017,81.87,45.0,17.12,3.43,21.87,37.72,9,798,56.88
2025,61.81,44.89,42.56,30.05,27.37,37.78,8,3786,54.93
2019,89.29,41.07,39.43,6.41,23.56,59.21,4,1211,70.32
2017,88.42,46.86,76.27,7.89,44.87,23.88,8,2219,66.54
2015,70.37,54.9,34.57,10.7,34.16,19.91,1,2003,59.21
2015,79.56,34.59,23.31,5.04,18.85,37.47,3,834,59.04
2022,80.45,37.1,28.26,7.65,6.97,49.54,6,910,54.44
2024,78.35,41.36,17.5,4.92,28.7,56.21,8,1032,58.77
2025,71.05,28.85,5.0,9.48,42.32,48.19,6,1838,53.37
2016,69.96,35.17,91.7,6.26,25.44,25.6,7,2037,57.77
2017,75.77,39.29,37.03,8.68,36.67,38.09,5,1925,61.67
2016,86.55,55.49,18.5,3.94,27.1,51.38,4,1207,65.56
2017,80.89,48.15,79.67,4.49,40.15,29.44,4,1318,63.68
2021,72.66,47.32,86.32,3.26,46.34,13.0,7,1751,57.71
2015,82.95,55.21,40.13,4.82,5.33,10.18,4,789,60.06
2024,50.36,43.35,16.56,2.0,22.17,0.01,4,1083,50.0
2022,86.34,49.69,28.63,6.15,22.66,43.09,8,1480,65.91
2024,60.34,43.76,32.64,5.36,25.84,6.67,6,889,50.0
2024,72.74,48.18,37.68,8.09,13.91,14.63,6,916,52.05
2024,65.92,38.01,19.88,7.59,32.97,17.87,5,1365,50.0
2016,64.35,15.73,58.76,15.71,17.0,33.62,6,1748,54.97
2017,86.45,43.39,9.32,35.04,28.48,23.88,6,4099,72.5
2023,71.79,62.07,63.49,14.62,24.98,40.48,4,1912,58.07
2021,79.12,56.11,70.14,5.63,11.6,3.34,2,1198,62.18
2018,75.58,56.58,30.17,5.5,20.73,7.44,6,1383,53.36
2024,80.29,59.83,35.45,12.44,39.99,29.95,6,2181,63.13
2019,76.69,46.06,74.47,2.69,17.94,20.22,4,1056,61.32
2016,64.45,47.37,50.93,6.12,34.28,17.75,4,1706,54.55
2025,84.97,37.59,30.75,6.41,27.82,4.02,4,1223,63.35
2022,71.56,41.21,32.73,10.49,5.24,53.74,8,766,50.0
2018,61.99,52.39,47.36,10.68,6.22,41.51,5,1131,50.0
2023,72.15,59.45,87.61,4.73,11.39,7.3,5,618,53.89
2019,89.51,43.33,33.27,5.76,10.23,3.9,4,840,69.24
2023,83.65,39.6,30.25,9.65,73.52,58.49,5,2771,70.17
2018,72.86,45.01,37.54,4.58,38.48,40.87,5,1408,58.19
2024,72.86,52.21,37.66,15.24,23.15,25.05,6,2121,55.24
2019,73.11,27.67,43.21,10.65,23.79,42.1,7,1388,54.47
2023,94.69,17.45,35.51,8.19,20.4,45.38,8,1362,68.64
2022,79.44,38.39,65.36,9.34,41.92,46.8,8,1856,57.86
2017,79.87,30.35,22.31,5.58,18.8,28.67,12,1036,55.87
2015,85.27,38.9,45.64,5.07,24.43,25.79,4,1265,60.34
2017,78.15,43.23,46.54,5.73,39.71,0.66,2,1316,60.83
2018,73.67,39.56,23.45,9.97,22.08,55.59,4,1449,56.25
2016,74.23,62.43,45.41,8.34,7.71,36.2,3,963,54.25
2015,75.36,48.92,47.16,5.73,55.12,12.19,11,1830,56.52
2021,75.66,48.61,6.65,11.59,30.46,55.18,8,2024,57.32
2022,82.55,52.47,21.11,6.66,38.81,54.9,8,1473,58.16
2021,76.47,31.33,77.55,4.87,38.28,59.35,6,1320,61.2
2019,82.59,57.47,26.62,8.61,42.72,52.44,11,1758,56.55
2015,75.27,44.09,18.47,4.02,12.43,59.87,3,890,58.25
2021,76.71,53.05,11.59,2.68,9.33,14.68,3,400,54.21
2021,58.02,32.14,20.0,7.37,55.49,50.53,2,2170,58.33
2023,84.25,26.35,34.72,4.98,32.21,49.38,6,1634,61.79
2017,79.12,54.81,17.69,6.34,0.65,13.86,4,605,54.84
2023,84.98,49.52,51.26,4.14,32.39,5.91,14,1403,53.82
2015,49.93,34.18,23.21,15.26,10.71,58.77,5,2018,50.0
2015,94.8,34.56,43.37,4.97,17.38,17.76,5,1091,70.22
2018,74.74,58.51,72.06,5.7,28.34,52.25,8,1247,57.32
2023,85.97,30.73,69.84,9.27,18.38,0.25,8,1456,63.39
2020,66.64,64.71,43.0,3.24,55.24,1.26,7,1457,50.0
2025,81.51,34.19,19.23,3.09,8.49,27.95,6,366,59.32
2017,66.52,52.66,35.98,9.29,37.31,14.32,10,1706,50.0
2015,70.39,41.06,43.71,5.66,27.02,41.39,4,1616,59.47
2018,93.23,52.24,108.85,4.3,10.73,33.93,9,531,68.2
2023,74.28,38.47,11.51,10.61,44.61,4.65,8,1975,55.26
2017,77.96,43.05,36.05,4.54,31.26,9.76,6,1025,59.55
2023,83.83,45.49,50.35,6.27,7.41,23.28,6,881,60.97
2021,80.46,32.97,39.07,4.32,37.52,11.14,10,1374,56.01
2018,77.35,53.89,41.31,8.86,18.31,47.53,8,1495,56.7
2017,79.28,38.84,24.0,16.43,53.73,24.96,9,3025,62.08
2024,97.63,42.26,58.25,2.42,40.83,5.61,4,1002,71.02
2019,75.48,33.07,37.66,7.91,30.15,29.06,4,1360,63.24
2019,77.81,14.25,41.23,12.35,26.88,5.45,8,2091,60.51
2017,85.46,42.71,61.33,5.74,54.34,7.74,6,1867,66.04
2023,85.95,73.95,31.26,3.75,22.08,14.38,4,1122,61.79
2018,86.68,54.42,67.96,9.51,3.65,51.57,4,968,72.46
2025,81.75,44.77,17.33,13.48,30.04,55.48,6,1857,60.55
2019,65.71,41.85,42.44,12.61,35.7,49.58,10,2036,50.0
2018,90.7,45.27,23.16,9.2,17.22,20.04,6,1131,61.18
2019,65.68,51.57,19.8,7.84,20.8,16.35,5,1163,50.0
2021,78.72,30.83,87.1,4.31,27.09,32.95,2,1123,66.22
2023,69.21,58.37,17.88,12.42,4.19,43.31,8,1377,50.0
2021,75.42,53.58,38.05,12.01,48.19,59.6,6,2060,59.61
2019,78.96,53.62,17.06,3.73,26.96,7.89,5,1025,56.15
2024,78.89,50.26,65.89,9.2,62.08,2.96,10,2320,57.72
2024,79.8,45.24,29.59,10.93,46.88,41.66,2,2094,67.35
2021,90.52,53.07,61.17,12.54,25.42,49.93,10,1851,68.41
2024,80.08,52.1,49.49,7.06,13.88,50.78,1,919,65.37
2019,73.8,40.75,100.83,4.42,34.28,40.71,6,1525,62.51
2017,84.68,38.12,15.01,5.47,45.82,57.24,4,1879,70.38
2021,86.71,46.22,21.01,4.04,10.64,30.66,7,862,60.65
2025,64.95,63.59,59.53,7.17,10.09,54.83,3,844,51.25
2025,81.38,30.13,43.49,6.37,49.7,58.07,4,1675,65.74
2016,82.31,27.39,32.48,26.76,35.01,50.83,5,3432,70.58
2023,73.32,46.98,91.59,12.64,30.72,18.59,5,1942,58.98
2024,88.38,45.61,36.68,13.22,22.97,11.77,4,1720,68.46
2024,74.65,47.08,23.67,9.8,46.29,32.89,3,1877,61.45
2015,77.13,47.93,61.53,5.93,15.73,27.18,7,949,57.48
2020,74.44,42.32,37.32,6.26,15.32,52.67,9,905,50.36
2021,76.14,62.88,38.84,6.62,12.62,6.0,11,1068,51.32
2022,66.13,25.79,51.6,8.27,14.96,15.46,7,1279,50.0
2024,63.04,35.06,52.61,9.33,22.58,45.11,9,1649,50.0
2023,90.35,43.76,20.84,7.39,79.49,5.7,5,2463,69.56
2016,68.38,25.28,31.49,6.21,31.52,19.25,7,1450,57.71
2025,67.08,42.89,16.16,5.17,36.85,23.23,7,1282,50.0
2024,56.62,64.94,43.82,3.2,14.15,37.36,4,439,50.0
2016,70.25,45.25,86.33,15.96,36.19,9.49,6,2344,57.57
2019,64.09,47.77,21.35,27.75,23.81,51.64,4,3424,57.67
2019,90.78,29.88,14.35,15.17,20.42,26.85,5,1885,67.22
2020,85.09,37.6,25.84,3.47,50.5,55.02,6,1874,67.27
2017,69.81,40.5,32.33,11.85,41.99,28.07,3,2274,61.7
2022,96.27,41.19,52.84,13.66,18.49,16.5,5,1689,72.91
2015,84.84,60.38,30.55,5.8,34.46,8.51,7,1621,57.65
2020,73.08,51.69,44.22,9.91,55.56,0.22,9,2410,53.94
2018,53.51,31.66,27.95,5.62,62.07,31.93,7,1918,50.0
2015,96.62,47.96,33.28,18.49,33.26,6.43,6,2923,73.95
2021,63.49,50.98,23.23,9.2,46.56,23.5,6,2085,53.29
2023,61.19,58.68,19.2,4.26,38.77,35.36,7,1378,50.0
2018,85.2,63.97,53.79,11.04,28.38,16.54,3,1605,65.03
2018,97.96,32.82,29.02,13.95,18.03,10.51,7,1988,75.38
2020,88.46,35.27,45.86,8.32,36.07,46.48,10,1785,67.16
2017,81.08,29.91,23.02,9.85,26.17,56.81,6,1704,64.8
2020,81.35,42.19,36.8,7.09,37.09,6.03,8,1509,62.54
2021,83.68,50.6,9.47,3.74,17.46,9.34,5,942,59.33
2025,82.83,56.85,30.2,6.75,36.56,57.6,5,1719,59.92
2024,78.53,44.09,24.42,10.11,15.57,2.27,9,1230,54.64
2024,76.94,41.16,64.58,6.84,12.27,58.66,3,702,57.79
2017,75.44,46.82,17.47,11.95,54.12,0.28,4,2593,61.56
2021,69.21,34.98,34.01,5.84,33.35,52.42,11,1105,50.0
2017,73.47,70.07,43.54,6.07,11.61,18.44,6,895,50.0
2016,60.76,25.71,60.12,12.17,28.27,56.32,10,1782,50.0
2024,75.11,47.22,56.04,8.44,32.02,19.02,2,1822,60.35
2018,67.1,69.28,35.44,5.77,37.28,39.26,5,1410,50.5
2022,66.07,45.08,38.08,13.74,46.29,4.8,3,2662,59.09
2023,77.62,42.72,64.55,4.89,30.69,14.54,8,1139,54.68
2021,88.53,40.71,35.09,4.78,16.34,46.42,7,1042,65.28
2015,84.26,42.84,40.2,2.0,11.29,31.72,6,843,58.53
2017,61.87,61.47,65.6,5.3,29.2,55.68,7,1041,50.0
2023,67.09,18.46,107.81,16.2,39.11,25.73,7,2570,60.72
2015,84.47,63.4,41.97,2.13,21.2,52.19,7,1227,58.89
2023,67.16,27.91,47.86,4.17,17.59,26.94,8,848,50.0
2022,73.98,41.8,55.2,9.62,17.82,58.75,7,1370,58.47
2015,80.95,39.85,65.29,2.0,18.5,57.59,4,794,66.01
2020,67.28,52.06,60.87,5.44,28.72,19.75,12,1242,50.0
2019,76.95,25.82,26.77,14.65,24.41,53.16,7,1695,59.1
2020,63.99,50.55,43.41,25.17,10.04,50.86,7,2846,53.93
2024,70.59,69.29,61.08,8.79,50.71,12.64,6,1743,53.93
2019,78.88,28.64,72.11,4.24,45.75,37.46,12,1471,58.28
2020,61.66,47.28,34.04,4.15,20.27,4.36,5,1119,50.0
2019,79.96,37.06,42.88,8.06,27.09,50.2,8,1379,57.58
2025,75.82,50.11,45.4,8.75,12.36,10.47,2,1015,56.1
2019,80.97,45.23,37.43,22.53,21.26,4.25,12,2830,57.87
2018,78.02,37.3,42.32,13.23,1.78,24.01,3,1148,60.58
2017,88.28,50.85,9.11,7.77,21.27,34.62,4,1050,65.55
2017,77.13,66.65,120.0,6.04,36.18,51.3,4,1528,64.8
2018,72.14,42.71,33.3,45.1,22.92,58.45,2,4824,68.12
2023,77.1,53.64,34.67,10.76,23.83,26.37,6,1394,59.92
2016,80.89,29.48,13.39,4.95,43.91,3.63,10,1682,59.32
2023,76.44,33.52,11.99,6.46,32.41,44.95,4,1507,57.69
2015,76.37,50.67,47.03,4.36,15.64,33.91,8,741,54.02
2015,69.68,62.81,61.2,2.0,39.22,26.87,6,1118,50.88
2019,70.03,49.27,55.67,8.91,23.27,18.56,4,1513,55.64
2020,63.38,41.24,22.98,21.53,60.21,30.14,6,3765,59.63
2020,91.75,44.99,54.05,2.78,25.48,20.32,9,850,67.71
2017,64.81,30.0,34.38,7.64,11.76,45.42,2,1137,55.97
2021,69.76,52.25,30.02,4.83,17.59,32.63,7,1001,50.44
2023,69.53,55.59,16.44,10.1,22.85,52.61,6,1689,52.49
2025,84.05,39.57,24.61,6.66,47.72,32.61,6,1833,64.89
2024,73.35,39.36,47.58,3.27,20.13,14.3,9,649,52.99
2022,87.23,48.19,43.18,4.1,10.51,51.07,4,569,64.36
2020,69.94,39.76,39.98,4.49,13.69,33.43,3,830,52.62
2022,78.51,44.21,8.78,16.55,7.03,12.41,5,2076,55.26
2019,68.48,70.2,40.19,16.05,32.96,37.41,4,2262,56.87
2022,95.31,42.04,26.55,6.13,22.1,21.46,6,1280,68.92
2024,65.31,40.7,43.34,15.44,38.72,50.66,11,2375,50.0
2018,78.79,37.23,66.27,6.66,41.48,27.2,10,1689,60.79
2024,81.7,53.93,28.74,6.07,25.06,43.59,8,1476,57.92
2022,79.72,42.83,38.68,7.65,47.4,5.73,1,2049,65.64
2024,74.33,37.21,91.32,8.77,5.75,23.76,5,753,57.16
2016,74.83,60.86,42.24,5.29,38.55,58.99,5,1364,57.62
2019,76.39,62.04,36.24,7.49,48.71,48.51,11,2155,56.09
2023,74.68,37.79,23.2,11.85,26.27,9.6,7,1808,57.84
2018,84.67,22.6,54.8,7.99,18.81,16.67,5,1022,61.64
2025,95.89,57.09,20.98,7.58,54.91,19.79,9,1946,68.67
2020,70.98,36.78,67.72,9.94,14.41,39.02,6,1431,56.69
2015,63.67,54.49,50.92,11.02,28.68,45.42,5,1943,53.11
2023,75.21,21.36,27.07,7.12,17.42,44.97,5,1115,60.57
2015,98.0,55.71,23.64,5.56,16.35,30.59,2,1382,73.46
2019,68.77,30.47,23.96,8.28,10.41,48.65,7,1195,52.97
2018,90.75,53.77,12.13,2.84,51.95,26.22,11,1525,62.69
2017,91.1,45.17,46.46,6.51,14.1,7.43,6,824,62.69
2020,71.02,33.55,9.55,2.0,19.43,33.87,9,500,50.0
2016,81.12,40.12,35.04,2.7,37.07,57.14,6,1244,61.73
2017,90.66,53.24,33.86,2.47,26.71,47.58,11,815,60.02
2019,72.59,46.27,30.76,13.85,18.16,34.72,5,2071,56.91
2023,74.17,52.01,46.3,7.45,17.25,38.81,5,1403,58.07
2016,70.76,68.72,27.1,3.47,27.46,55.83,7,1130,51.31
2024,66.87,26.23,40.24,9.92,18.1,25.7,15,1183,50.0
2022,70.16,64.41,67.71,13.37,39.13,19.88,7,2128,54.52
2016,64.98,46.25,49.08,10.03,37.93,58.63,14,2127,50.0
2025,76.31,34.21,29.32,6.6,29.65,51.81,1,1267,63.65
2019,69.07,29.04,36.82,8.5,35.26,19.38,1,1891,60.05
2021,78.1,42.73,30.78,12.69,19.37,27.83,9,1775,56.9
2022,62.0,56.06,33.61,5.58,26.83,24.9,3,1210,50.0
2015,78.98,43.47,40.88,7.52,18.22,8.95,5,1044,55.04
2020,83.5,63.13,15.99,6.33,52.62,57.47,3,1900,67.92
2015,58.06,27.59,13.77,2.81,12.48,24.26,7,613,50.0
2016,79.37,44.85,22.09,12.81,25.08,52.52,6,2029,62.3
2015,87.05,29.97,47.41,25.39,28.58,11.36,6,2967,69.41
2025,65.11,49.36,50.69,4.37,26.21,32.87,8,1024,50.0
2019,91.05,55.64,54.49,13.17,48.7,1.44,10,2476,64.68
2024,79.77,39.95,22.59,4.46,21.66,45.85,5,1084,57.88
2023,69.65,13.75,38.57,8.0,28.06,34.85,9,1298,53.82
2020,75.5,47.39,29.81,18.26,34.66,37.54,9,2364,55.93
2025,81.02,50.24,34.35,5.41,29.43,3.1,7,1371,57.68
2025,76.68,49.85,29.53,7.32,31.14,12.66,5,1201,57.18
2015,80.85,59.83,42.07,2.51,16.71,4.46,7,887,53.62
2015,67.71,32.15,25.27,4.96,10.41,17.33,11,703,50.0
2016,77.52,53.16,63.99,2.35,19.71,37.65,4,438,63.22
2023,63.28,59.31,64.27,9.56,38.68,33.97,2,1789,53.65
2017,75.0,23.66,46.67,12.17,28.95,36.73,10,1948,58.51
2015,67.86,48.84,60.3,6.47,25.56,32.96,1,1158,61.11
2019,69.38,38.95,15.61,8.77,22.44,16.38,5,1398,53.99
2021,87.12,44.02,65.84,6.08,60.1,14.67,8,2213,66.21
2020,85.82,49.17,44.43,11.52,57.06,8.22,2,2485,70.47
2015,81.48,39.15,26.12,7.99,25.67,50.94,9,1232,56.65
2019,66.17,36.89,24.69,2.24,8.33,36.99,6,368,50.0
2019,73.15,45.41,76.91,12.99,75.59,11.19,7,3378,64.48
2020,86.92,31.95,54.92,5.85,81.97,10.63,7,2908,69.72
2017,77.28,31.97,33.87,3.45,48.54,52.38,9,1178,55.13
2019,96.87,53.15,15.5,5.68,23.47,44.56,11,1323,61.86
2021,79.54,31.21,67.5,2.36,56.87,39.56,7,1691,65.87
2019,77.73,53.0,19.29,3.49,44.36,24.41,7,1607,57.02
2019,73.22,50.55,30.1,8.05,27.42,15.72,3,1351,56.9
2019,77.2,24.29,33.85,8.47,31.47,58.77,9,1273,56.27
2024,74.63,36.87,24.48,8.88,11.64,47.83,2,1240,56.91
2024,82.37,59.33,33.05,7.4,46.49,18.11,6,1696,63.01
2017,84.61,33.23,36.53,4.88,43.09,50.85,8,1291,63.35
2015,68.93,39.43,32.69,7.15,24.72,45.54,3,1060,57.42
2019,64.02,50.54,43.13,5.68,9.71,17.82,5,891,50.0
2023,59.47,54.4,78.32,2.79,16.67,25.59,5,706,50.0
2015,80.57,41.98,15.97,4.65,13.54,11.16,3,921,60.62
2017,66.07,37.83,39.77,12.6,39.32,6.66,3,2301,57.81
2018,56.62,62.07,19.41,19.16,26.01,43.37,7,2395,50.0
2015,79.5,65.87,15.03,10.92,44.94,16.05,7,2148,57.27
2015,98.0,56.75,58.03,18.66,7.48,49.2,7,1867,73.95
2022,75.95,46.02,41.52,7.78,40.79,59.74,5,1721,63.97
2016,83.55,35.3,14.45,21.02,30.73,4.6,5,2591,64.87
2022,76.74,35.03,33.04,25.35,39.48,28.38,7,3465,63.12
2021,75.11,51.27,22.12,2.61,15.12,48.12,9,820,54.27
2024,84.27,50.02,8.64,8.44,25.11,47.34,10,1282,56.09
2024,73.39,61.82,33.65,7.78,21.5,45.6,12,1507,50.73
2016,78.41,52.81,51.6,5.73,46.48,20.94,7,1727,58.95
2020,78.9,26.96,48.99,9.93,7.97,27.23,8,1186,53.63
2020,69.99,57.62,29.64,7.57,10.86,35.7,10,685,50.0
2017,84.93,33.02,59.39,4.75,11.97,58.44,3,426,59.9
2025,74.43,40.39,70.35,7.27,10.95,19.65,4,991,53.23
2016,69.2,48.0,52.02,15.22,12.02,55.39,7,1889,56.04
2015,80.83,68.95,27.02,8.24,24.89,16.16,6,1285,57.79
2020,67.91,80.0,34.23,10.76,32.87,59.34,6,2145,51.93
2019,76.25,52.28,77.09,6.26,9.22,40.22,5,957,58.61
2025,75.92,42.8,30.84,9.69,24.2,27.81,8,1362,50.0
2023,85.77,51.41,49.07,3.58,30.31,36.8,7,1103,63.8
2015,80.27,55.65,24.29,5.47,40.3,16.35,8,1973,58.59
2021,75.77,41.15,59.59,6.95,5.06,16.45,6,563,54.11
2019,83.36,66.54,22.75,3.44,34.49,6.81,7,1284,57.12
2019,88.51,47.76,35.02,4.49,30.35,6.84,6,1127,63.93
2016,81.02,50.97,48.2,8.92,23.89,20.86,9,1571,57.5
2025,76.09,52.99,84.91,7.99,17.09,45.77,4,1414,57.41
2017,64.19,50.06,41.13,11.99,10.81,36.48,6,1339,53.76
2021,66.41,55.07,31.86,5.15,7.21,6.16,9,871,50.0
2020,73.25,37.59,30.6,7.65,38.81,51.13,5,2097,57.7
2016,70.51,38.3,58.3,4.94,8.73,36.08,10,699,50.0
2020,74.32,31.8,46.25,11.29,11.7,57.65,6,1506,58.54
2016,76.51,50.27,51.09,15.1,32.25,40.21,6,2134,63.31
2016,80.77,54.35,74.4,9.87,2.69,10.51,6,1009,53.37
2016,75.37,50.49,37.83,13.97,26.89,28.43,8,1967,55.08
2025,80.38,65.09,44.62,7.53,19.52,38.91,3,1347,57.87
2017,76.58,44.93,30.37,11.98,30.46,1.7,5,2116,58.26
2016,58.22,53.02,23.77,7.73,14.97,0.89,5,1089,50.0
2018,67.55,31.9,26.38,3.99,22.79,7.76,4,1225,52.23
2023,74.7,40.35,7.3,8.57,32.85,15.1,6,1911,54.83
2020,65.11,53.35,47.96,4.07,51.44,25.77,6,1825,50.29
2015,81.4,55.19,45.49,30.07,18.12,29.25,4,3217,69.02
2022,89.78,41.47,47.45,6.05,17.27,8.28,5,896,65.63
2021,86.97,44.14,22.9,10.88,10.92,40.4,4,1160,66.07
2024,74.08,26.79,26.63,7.33,23.12,35.77,6,1446,56.83
2017,89.42,40.72,26.16,3.52,43.11,17.67,9,1195,60.76
2015,77.34,55.68,62.48,2.37,36.32,0.82,5,1255,57.26
2019,72.97,51.9,40.35,11.58,34.38,4.66,3,1765,58.68
2018,70.48,51.01,37.62,18.72,40.87,23.5,8,2948,51.5
2024,73.28,45.6,53.45,4.75,17.91,9.24,5,903,54.84
2022,72.51,45.08,26.21,2.73,1.8,22.61,1,545,55.73
2015,77.53,37.08,44.07,6.08,16.45,37.69,4,1194,60.63
2024,77.45,53.39,90.38,4.21,39.03,32.83,5,1634,62.07
2015,76.03,50.05,67.35,5.0,13.04,13.87,10,1064,50.0
2018,79.93,50.9,43.73,10.66,40.74,20.63,8,2057,58.75
2022,86.72,38.69,38.35,7.17,25.07,36.84,3,1099,70.88
2019,84.55,19.16,47.24,4.49,28.79,51.65,5,957,66.23
2016,62.64,58.17,71.95,10.52,40.16,45.19,6,1628,50.61
2020,53.01,39.25,69.44,11.02,20.15,33.2,9,1356,50.0
2019,84.41,34.65,77.91,6.04,57.11,21.74,7,2014,67.87
2016,63.7,53.32,41.52,8.03,25.27,21.9,4,1293,51.2
2025,73.98,40.3,9.5,10.1,55.88,52.77,7,2324,58.74
2025,65.47,57.72,87.21,9.54,29.62,2.35,6,1736,52.27
2025,59.78,52.4,23.74,7.57,17.38,59.28,7,1099,50.0
2017,80.87,53.2,10.36,17.45,37.4,39.86,6,2391,64.69
2023,82.83,28.61,53.01,10.48,30.24,40.87,11,1742,65.99
2021,70.81,59.54,9.64,5.64,9.48,2.28,6,611,50.0
2021,52.68,48.14,37.21,5.66,49.56,36.33,7,1728,50.0
2025,71.08,40.57,9.54,5.29,34.29,29.09,2,1601,55.86
2020,79.53,46.72,30.87,10.8,52.54,6.35,6,2291,62.13
2022,62.69,23.69,78.0,5.09,29.64,16.68,5,1543,54.59
2018,77.65,49.9,44.02,5.73,15.05,53.42,6,1178,57.36
2022,75.86,32.65,37.01,13.94,30.51,33.0,6,1983,60.44
2018,81.21,28.77,46.48,8.29,30.34,24.8,6,1346,63.97
2022,77.08,26.73,5.43,15.17,17.67,4.36,10,1873,52.04
2023,67.24,58.35,25.88,11.93,19.58,42.85,9,1830,52.57
2017,86.77,37.45,28.09,3.65,24.24,42.17,7,864,59.26
2017,74.57,63.4,50.18,6.95,52.43,36.84,13,2134,56.7
2025,75.75,38.57,20.85,13.38,5.1,30.62,6,1616,58.89
2016,67.6,24.51,40.6,3.55,21.63,26.03,5,739,51.75
2024,72.01,31.6,35.17,9.51,52.6,35.6,6,2096,58.14
2017,68.04,59.83,26.66,7.22,9.35,14.0,13,1048,50.0
2017,74.44,43.13,27.62,2.58,79.48,56.48,5,2259,62.67
2019,91.41,38.42,35.01,7.94,40.17,35.33,8,1635,67.14
2019,63.65,46.92,11.41,4.47,12.14,18.67,6,665,50.0
2016,61.48,51.02,53.81,3.67,29.83,26.98,3,1081,54.17
2024,89.24,58.41,23.65,7.43,16.5,48.34,3,837,66.26
2020,74.12,62.38,31.91,2.32,15.29,9.7,4,741,50.61
2019,69.98,40.68,76.58,4.93,31.12,17.57,2,1160,56.82
2020,85.36,29.09,54.27,34.15,3.99,40.77,7,2843,68.5
2015,70.55,40.04,18.75,10.91,5.37,18.93,10,1167,50.0
2019,92.43,48.12,5.0,4.35,31.82,47.55,9,1076,60.75
2023,82.1,33.43,47.48,17.16,18.08,7.83,5,2386,69.67
2024,71.61,33.51,32.59,4.07,36.41,45.76,8,1192,54.39
2016,95.42,49.13,40.73,5.3,26.09,4.1,3,958,67.67
2015,70.55,44.42,53.37,3.71,15.6,0.76,11,834,50.0
2024,82.68,45.39,57.58,8.62,37.85,53.89,6,1646,62.52
2025,78.69,35.9,29.28,16.8,30.23,34.88,3,2211,62.71
2023,87.72,42.24,34.7,4.06,76.72,21.11,2,2395,71.32
2024,90.05,33.91,44.73,2.15,18.55,13.96,6,480,67.02
2023,76.29,55.68,46.21,14.22,9.63,37.01,10,1329,52.2
2023,69.22,57.42,40.53,18.77,47.6,30.54,7,3284,52.41
2020,80.14,22.85,72.4,2.23,22.89,59.5,5,889,67.01
2022,69.9,33.85,45.95,9.74,11.15,58.99,10,1156,50.48
2025,94.12,27.04,52.98,8.46,31.2,38.1,5,1583,69.29
2015,77.23,37.2,42.28,4.61,29.16,26.57,3,1258,60.43
2024,72.71,44.0,20.77,3.2,25.37,29.47,3,1113,57.3
2018,77.66,27.6,25.83,13.4,36.24,40.95,4,2043,64.92
2015,63.88,33.94,18.28,8.23,18.47,6.09,2,1309,54.98
2022,67.26,32.95,60.78,8.61,46.44,19.7,5,1888,54.34
2015,86.8,47.49,14.4,5.09,33.56,4.52,4,1288,63.21
2017,70.09,45.83,33.96,4.57,10.44,4.4,7,724,50.0
2018,66.58,36.34,30.14,2.0,37.07,11.75,7,1116,50.0
2022,80.83,47.12,29.72,6.44,20.59,29.12,7,1259,60.05
2020,86.67,38.44,31.12,17.52,77.4,47.09,9,3687,72.62
2024,82.47,41.74,79.12,4.33,17.65,29.13,5,581,62.32
2021,84.96,65.08,10.89,2.96,10.86,20.13,9,309,53.53
2022,69.19,61.09,67.94,9.6,16.13,4.94,6,1248,50.0
2016,63.2,29.41,32.54,10.72,22.39,33.02,5,1907,50.26
2024,89.51,54.96,55.71,5.2,22.74,16.28,6,909,63.64
2025,73.1,54.74,38.22,5.99,36.04,36.9,8,1433,56.06
2022,73.74,31.22,19.4,8.66,6.8,58.63,12,896,53.17
2017,87.95,54.83,71.15,6.73,13.09,6.68,4,867,65.92
2021,81.01,63.46,65.76,13.46,26.92,12.73,3,1984,64.13
2017,80.1,31.53,20.24,31.89,9.06,28.39,7,3508,65.75
2021,95.49,33.99,49.29,2.65,38.58,58.12,8,1298,71.23
2025,70.21,57.21,26.49,15.45,13.46,46.31,6,1660,50.99
2016,84.35,48.26,14.79,7.87,18.18,53.89,6,1698,63.36
2024,76.51,51.62,23.68,17.0,8.67,20.02,4,1845,55.46
2020,78.42,49.09,69.1,11.41,7.98,59.52,5,1180,61.1
2017,89.76,49.69,56.39,7.67,46.67,6.17,15,2149,63.42
2017,80.57,29.08,31.32,11.66,23.46,3.18,7,1610,60.93
2023,80.84,57.57,69.26,5.83,15.09,51.34,2,1231,63.02
2021,85.65,59.04,63.28,4.64,40.12,55.64,3,1287,67.97
2019,72.72,42.25,23.7,12.02,73.62,5.44,7,3240,57.86
2024,68.45,44.48,77.56,4.45,21.84,6.81,4,1005,53.26
2021,66.6,26.63,29.98,10.86,46.99,1.99,5,2439,57.77
2023,58.3,51.17,32.21,7.53,43.49,6.27,6,2145,50.0
2015,94.51,51.86,11.08,2.0,29.95,12.57,5,735,70.7
2021,66.07,44.25,26.22,5.24,23.97,58.2,8,1326,52.31
2020,74.01,58.49,34.1,9.03,66.46,40.07,9,2266,57.01
2024,73.51,40.99,42.88,5.79,10.0,46.71,9,612,52.7
2023,78.77,51.78,19.44,2.0,52.61,46.57,5,1361,59.82
2015,83.34,32.76,24.31,16.32,21.65,32.1,7,2182,61.3
2018,83.74,44.72,78.4,8.18,18.39,47.85,8,1243,65.54
2023,70.75,42.91,61.22,9.64,8.36,35.75,6,1095,56.08
2018,74.5,47.7,66.81,5.56,21.28,18.87,4,1087,56.97
2024,78.54,40.57,35.61,10.16,9.17,33.67,9,1301,56.15
2017,73.76,43.42,43.53,22.22,46.99,32.01,6,3406,66.14
2023,90.47,54.91,49.84,4.75,25.93,49.41,10,1297,65.29
2016,80.42,39.76,77.84,20.09,37.92,58.9,6,3184,67.11
2018,82.61,25.72,14.59,9.39,21.93,24.66,4,1436,63.95
2020,81.97,66.0,27.67,4.39,35.87,45.8,6,1219,59.22
2016,86.56,61.58,41.53,27.87,14.63,5.99,6,3124,69.03
2022,77.63,29.49,38.34,9.35,18.71,46.61,5,1150,62.67
2022,64.33,53.28,24.14,11.09,12.72,22.29,4,1249,51.64
2015,79.6,38.96,47.7,6.29,38.73,2.36,5,1745,58.88
2017,70.14,48.16,28.26,4.58,16.82,21.79,8,833,50.0
2024,71.24,48.53,36.91,8.17,38.22,36.64,9,1514,54.55
2023,81.28,42.19,46.64,19.08,2.09,7.16,8,1597,56.5
2019,87.14,35.59,28.99,6.14,55.58,55.44,11,1981,61.06
2020,76.19,36.71,54.06,7.27,22.39,4.66,6,1456,58.48
2018,78.78,34.01,58.98,17.7,37.25,55.8,12,2816,60.49
2024,91.32,35.02,24.65,6.17,2.1,42.43,10,659,64.95
2016,78.17,44.19,28.15,10.04,5.06,19.78,8,1441,55.71
2025,98.0,36.41,21.1,12.51,79.45,23.45,3,3156,81.63
2022,81.09,53.18,36.49,6.57,17.82,44.45,9,1044,55.55
2025,60.15,62.85,42.86,8.9,53.1,36.09,6,1711,51.51
2020,82.78,38.04,30.49,10.99,13.73,40.3,9,1306,59.6
2019,79.43,47.87,42.26,5.81,27.53,23.35,3,1394,60.99
2023,87.61,51.0,27.75,12.05,25.47,29.27,6,2063,64.06
2015,82.06,50.66,28.24,5.32,14.27,59.39,2,713,62.98
2019,74.75,45.91,43.99,4.93,23.94,12.84,11,1150,50.0
2020,64.98,53.91,29.25,2.96,9.9,25.07,5,717,50.0
2019,74.12,50.79,35.47,5.46,59.61,17.51,3,2011,56.63
2020,68.35,30.15,44.78,4.53,27.38,45.91,5,704,53.16
2020,70.78,55.43,41.95,5.81,23.94,45.84,3,1195,57.57
2021,81.3,55.65,27.97,10.67,9.59,17.55,9,1390,55.83
2018,91.03,35.84,61.95,2.62,31.21,4.88,10,859,60.46
2025,79.55,45.46,14.12,2.26,9.13,0.69,7,397,53.21
2022,65.24,53.2,5.0,4.71,9.82,25.65,12,485,50.0
2021,80.0,42.49,48.73,9.74,14.07,24.62,5,815,58.82
2023,86.77,57.88,41.53,8.79,3.65,59.3,6,1111,64.82
2021,70.51,73.37,19.5,4.67,9.04,28.19,3,669,51.26
2017,74.79,35.57,38.82,14.9,27.51,15.39,12,2391,52.36
2017,76.13,28.43,25.93,4.98,29.33,53.47,6,1360,62.03
2022,68.94,48.65,46.96,9.75,9.79,29.46,12,1108,50.0
2019,81.83,53.66,5.0,5.94,35.4,35.95,7,1435,60.12
2018,74.91,42.23,31.97,4.39,39.27,5.74,4,1501,61.0
2022,79.78,62.44,27.3,5.14,42.11,22.97,4,1715,63.22
2020,68.01,28.94,54.16,11.48,46.72,56.65,5,2316,62.76
2016,72.06,53.32,11.34,9.18,20.92,35.37,3,1594,56.67
2018,82.5,37.73,37.54,13.21,16.71,20.67,8,1619,61.64
2025,72.64,65.63,48.43,9.18,24.14,37.54,8,1296,52.5
2018,91.54,68.91,84.95,2.81,29.71,54.62,5,998,66.34
2020,72.4,35.8,28.19,26.28,41.32,16.44,10,3566,58.62
2020,78.02,38.41,43.24,9.25,5.85,30.31,7,809,56.33
2015,84.39,55.32,11.84,10.06,31.7,57.52,4,1508,65.89
2022,63.23,40.35,36.56,5.89,21.63,10.34,9,1181,50.0
2020,60.15,44.46,64.18,14.41,24.09,43.18,7,1898,50.0
2017,62.27,45.3,85.36,3.83,23.13,36.87,9,913,50.0
2023,87.36,21.96,45.3,10.65,14.57,40.78,7,1312,62.91
2016,71.03,44.83,14.06,2.12,28.82,21.07,2,1196,58.7
2025,98.0,36.72,69.23,11.09,31.62,18.83,9,2071,72.03
2022,70.92,39.08,14.14,3.87,30.58,41.05,1,909,57.71
2024,77.66,62.32,18.4,8.73,17.91,12.93,7,1181,54.17
2017,89.88,29.92,72.13,16.68,20.61,25.18,3,2253,75.53
2019,94.05,54.76,35.19,12.11,4.24,11.29,5,1364,63.86
2020,94.55,41.65,26.49,15.4,13.74,0.5,4,1799,71.73
2024,86.88,41.64,51.74,14.48,7.33,58.2,5,1354,67.72
2020,85.22,54.48,39.9,5.39,40.95,25.9,4,1413,63.34
2018,81.33,49.08,61.35,10.58,16.37,58.16,2,1321,64.75
2017,83.01,51.85,40.85,2.62,28.67,8.42,3,1016,61.02
2018,71.04,56.62,41.33,4.89,25.05,35.24,7,1398,50.0
2015,68.64,41.02,60.28,17.04,22.63,12.06,0,2061,64.25
2018,75.97,37.65,34.94,5.86,9.79,47.4,9,617,56.0
2015,74.47,31.98,22.16,2.41,19.33,47.02,5,692,56.91
2015,71.92,35.1,53.22,24.74,47.74,6.76,4,3729,64.32
2024,82.27,80.0,31.36,10.35,40.22,54.72,3,1729,63.58
2020,84.6,59.94,42.52,11.69,52.66,11.68,7,2689,66.49
2019,76.8,28.79,10.19,4.1,56.19,36.78,3,1763,66.96
2025,89.3,29.13,34.19,8.76,23.88,59.14,3,1297,69.85
2018,65.72,50.78,27.52,8.62,38.88,52.94,6,1503,50.0
2025,74.26,51.57,9.98,4.51,19.68,57.39,8,1048,55.93
2017,69.55,51.59,34.76,6.67,26.83,20.56,5,1274,50.0
2015,59.2,41.94,35.38,3.0,28.18,6.33,5,1020,50.0
2020,75.26,43.49,44.09,6.0,38.97,11.3,7,1382,54.91
2016,74.9,48.93,63.65,13.25,46.42,30.03,5,2362,58.76
2022,89.62,46.03,58.63,4.72,24.62,47.59,5,976,70.04
2024,81.68,18.37,28.58,23.21,28.39,9.01,3,2896,70.89
2019,66.78,42.24,40.34,3.12,23.23,39.58,10,757,50.0
2021,92.69,34.78,47.29,6.32,27.9,19.41,4,1022,72.26
2024,86.99,47.1,29.03,4.98,26.27,20.47,7,1621,66.1
2016,81.24,80.0,14.96,6.63,35.49,39.72,6,1272,56.9
2022,73.96,49.41,32.82,16.83,13.58,28.02,4,1971,57.44
2016,67.37,41.24,64.96,4.09,16.26,48.72,7,476,55.07
2018,72.65,56.06,14.51,5.64,43.62,9.36,6,1267,53.49
2015,85.8,50.79,20.86,10.94,32.89,47.4,3,1879,68.47
2019,92.96,50.04,23.49,7.81,19.36,3.85,12,1258,62.13
2023,89.89,52.28,21.0,8.21,58.4,11.64,8,2467,67.0
2015,71.6,69.68,51.85,4.14,3.53,39.37,3,554,51.85
2023,65.92,31.43,25.88,7.08,25.68,51.3,8,1288,50.3
2025,77.27,50.68,52.54,14.57,24.28,15.16,6,1820,60.97
2022,60.08,33.88,37.52,2.81,45.06,19.63,7,1664,50.0
2020,78.91,51.67,12.37,4.86,20.12,32.23,5,1132,56.65
2021,74.67,33.98,29.37,2.49,24.2,12.69,7,617,55.26
2017,71.81,39.99,59.5,10.2,27.77,48.67,10,1670,53.06
2015,61.65,41.46,39.71,15.41,11.46,46.42,4,1777,55.21
2019,80.62,56.71,30.59,6.62,29.58,8.72,4,1306,62.45
2016,71.21,56.02,65.35,4.04,27.14,27.83,5,1201,54.64
2019,65.47,30.05,19.67,4.11,48.17,46.49,5,1745,53.19
2022,50.15,45.66,26.4,6.18,68.5,20.24,5,2266,50.0
2025,75.75,36.49,56.76,6.17,47.7,37.99,14,1728,59.2
2023,91.95,29.9,51.32,12.77,22.62,3.01,10,2048,70.09
2016,90.95,42.4,18.71,4.95,10.82,36.52,7,908,63.76
2017,71.89,41.3,46.49,9.59,16.27,9.16,6,1331,52.09
2017,70.58,74.12,25.64,6.15,17.64,49.83,2,732,53.54
2015,80.22,50.2,9.65,4.73,10.49,21.33,3,773,58.42
2022,67.01,28.47,30.92,6.06,45.3,16.89,9,1834,50.0
2020,78.72,38.22,88.06,9.04,39.52,50.45,8,1351,61.82
2022,82.89,57.26,60.01,12.79,25.03,3.01,3,1886,67.45
2025,87.04,70.06,35.77,6.35,23.64,23.8,7,1119,55.99
2023,75.1,25.97,13.95,3.59,36.1,22.2,7,1204,57.05
2019,74.17,22.44,9.86,13.46,30.03,17.09,4,1866,62.18
2017,68.1,67.45,37.58,4.31,21.4,54.71,8,918,50.0
2019,68.56,49.68,44.96,8.64,21.89,45.06,10,1619,53.71
2019,73.96,34.58,52.15,7.28,44.26,3.84,12,1718,50.27
2019,79.31,51.42,49.2,6.72,15.35,42.88,5,1196,61.05
2017,84.22,13.37,51.3,5.52,44.34,31.64,6,1487,66.07
2025,68.77,45.04,42.22,10.72,32.53,54.05,7,1968,54.56
2024,89.43,48.93,64.65,2.0,56.57,18.78,6,1604,66.63
2018,73.56,56.09,27.49,14.61,22.02,34.45,6,2002,57.78
2023,75.81,32.83,37.29,4.27,10.45,30.05,4,668,58.89
2024,69.28,46.03,12.4,9.44,31.5,29.37,7,1800,51.8
2023,54.18,33.89,27.17,9.14,13.56,27.37,3,745,50.0
2016,83.96,48.06,59.2,15.88,13.06,12.34,6,1579,63.12
2022,82.63,34.26,50.48,8.32,54.48,45.34,5,2227,69.43
2022,73.47,40.1,7.42,4.49,45.83,27.08,4,1205,55.73
